diagnosis_code,claims,billed,paid,gross_unpaid,denied,follow_up,open_ar,denial_rate,follow_up_rate,payment_rate
A00.0,5,1199,901,298,2,3,2,0.4,0.6,0.7514595496246872
A00.1,12,3630,2441,1189,4,7,8,0.3333333333333333,0.5833333333333334,0.6724517906336088
A00.9,11,3107,2098,1009,4,2,8,0.36363636363636365,0.18181818181818182,0.6752494367557129
A01.0,17,4873,3400,1473,8,9,15,0.47058823529411764,0.5294117647058824,0.697722142417402
A01.1,9,2442,1644,798,3,8,6,0.3333333333333333,0.8888888888888888,0.6732186732186732
A01.2,7,1887,1307,580,3,3,4,0.42857142857142855,0.42857142857142855,0.6926338102808691
A01.3,9,3272,2327,945,1,4,5,0.1111111111111111,0.4444444444444444,0.7111858190709046
A01.4,13,3618,2381,1237,2,8,8,0.15384615384615385,0.6153846153846154,0.658098396904367
A01.5,12,3771,2557,1214,1,8,11,0.08333333333333333,0.6666666666666666,0.6780694775921506
A01.6,16,4832,3546,1286,5,10,12,0.3125,0.625,0.7338576158940397
A01.9,10,2819,1913,906,4,4,8,0.4,0.4,0.6786094359702022
A02.0,9,2195,1530,665,2,4,7,0.2222222222222222,0.4444444444444444,0.6970387243735763
A02.1,15,5256,3308,1948,3,10,11,0.2,0.6666666666666666,0.6293759512937596
A02.2,13,3386,2552,834,5,7,7,0.38461538461538464,0.5384615384615384,0.7536916715888955
A02.3,8,2080,1441,639,3,5,4,0.375,0.625,0.6927884615384615
A02.4,8,2901,2000,901,1,5,6,0.125,0.625,0.6894174422612892
A02.8,7,2246,1512,734,3,2,5,0.42857142857142855,0.2857142857142857,0.6731967943009796
A02.9,9,2610,1850,760,2,6,7,0.2222222222222222,0.6666666666666666,0.7088122605363985
A03.0,8,1877,1266,611,2,6,5,0.25,0.75,0.6744805540756527
A03.1,9,2394,1653,741,5,5,7,0.5555555555555556,0.5555555555555556,0.6904761904761905
A03.2,13,4520,3101,1419,3,7,6,0.23076923076923078,0.5384615384615384,0.6860619469026549
A03.3,8,2985,2091,894,3,5,6,0.375,0.625,0.700502512562814
A03.8,9,3007,1859,1148,3,4,5,0.3333333333333333,0.4444444444444444,0.6182241436647822
A03.9,14,4237,2875,1362,6,7,9,0.42857142857142855,0.5,0.6785461411375974
A04.0,7,1478,981,497,3,3,5,0.42857142857142855,0.42857142857142855,0.6637347767253045
A04.1,13,3683,2497,1186,7,4,11,0.5384615384615384,0.3076923076923077,0.6779799076839533
A04.2,8,2621,1754,867,2,4,5,0.25,0.5,0.6692102251049218
A04.3,6,1774,1174,600,3,2,4,0.5,0.3333333333333333,0.6617812852311161
A04.4,5,1719,1280,439,3,4,4,0.6,0.8,0.7446189645142525
A04.5,13,4532,3088,1444,4,7,8,0.3076923076923077,0.5384615384615384,0.6813768755516328
A04.6,10,2669,1821,848,3,7,5,0.3,0.7,0.6822780067440989
A04.7,12,3657,2652,1005,5,5,8,0.4166666666666667,0.4166666666666667,0.7251845775225595
A04.8,12,3759,2406,1353,3,6,8,0.25,0.5,0.6400638467677574
A04.9,8,2216,1448,768,1,3,5,0.125,0.375,0.6534296028880866
A05.0,6,1860,1282,578,1,4,3,0.16666666666666666,0.6666666666666666,0.689247311827957
A05.1,6,2181,1462,719,2,4,6,0.3333333333333333,0.6666666666666666,0.6703347088491518
A05.2,10,2551,1688,863,3,6,6,0.3,0.6,0.6617012936103489
A05.3,9,2333,1533,800,4,4,5,0.4444444444444444,0.4444444444444444,0.6570938705529361
A05.4,19,5872,4075,1797,9,8,11,0.47368421052631576,0.42105263157894735,0.6939713896457765
A05.5,7,1968,1447,521,2,2,4,0.2857142857142857,0.2857142857142857,0.7352642276422764
A05.6,7,1977,1340,637,3,4,5,0.42857142857142855,0.5714285714285714,0.6777946383409206
A05.7,11,3617,2429,1188,4,7,6,0.36363636363636365,0.6363636363636364,0.6715510091235831
A05.8,10,3200,2348,852,3,6,9,0.3,0.6,0.73375
A05.9,11,4144,2587,1557,4,2,9,0.36363636363636365,0.18181818181818182,0.6242760617760618
A06.0,17,4574,2886,1688,3,9,13,0.17647058823529413,0.5294117647058824,0.6309575863576738
A06.1,10,3223,2057,1166,2,5,8,0.2,0.5,0.6382252559726962
A06.2,8,2133,1421,712,2,3,4,0.25,0.375,0.6661978434130333
A06.3,9,2545,1564,981,4,6,5,0.4444444444444444,0.6666666666666666,0.6145383104125737
A06.4,7,2295,1596,699,3,3,2,0.42857142857142855,0.42857142857142855,0.6954248366013072
A06.5,8,2189,1310,879,1,6,6,0.125,0.75,0.598446779351302
A06.6,5,1395,903,492,2,1,3,0.4,0.2,0.6473118279569893
A06.7,10,3376,2193,1183,2,4,6,0.2,0.4,0.6495853080568721
A06.8,17,5294,3232,2062,7,9,11,0.4117647058823529,0.5294117647058824,0.6105024556101246
A06.9,11,2870,2024,846,4,7,10,0.36363636363636365,0.6363636363636364,0.705226480836237
A07.0,6,2072,1333,739,2,5,4,0.3333333333333333,0.8333333333333334,0.6433397683397684
A07.1,9,2539,1721,818,6,5,7,0.6666666666666666,0.5555555555555556,0.6778259157148484
A07.2,8,2030,1352,678,4,5,4,0.5,0.625,0.6660098522167488
A07.3,5,1534,1149,385,1,2,4,0.2,0.4,0.7490221642764016
A07.8,6,2198,1459,739,1,3,4,0.16666666666666666,0.5,0.6637852593266605
A07.9,9,2095,1396,699,3,0,7,0.3333333333333333,0.0,0.6663484486873509
A08.0,7,2657,1774,883,4,5,7,0.5714285714285714,0.7142857142857143,0.6676703048550997
A08.1,11,2885,1881,1004,4,2,8,0.36363636363636365,0.18181818181818182,0.6519930675909879
A08.2,10,3338,2268,1070,3,7,6,0.3,0.7,0.6794487717195926
A08.3,8,2268,1467,801,2,6,6,0.25,0.75,0.6468253968253969
A08.4,5,1376,837,539,1,4,4,0.2,0.8,0.6082848837209303
A08.5,7,2265,1457,808,2,4,3,0.2857142857142857,0.5714285714285714,0.6432671081677704
A08.8,7,1994,1362,632,3,2,5,0.42857142857142855,0.2857142857142857,0.683049147442327
A08.9,5,1458,957,501,2,2,3,0.4,0.4,0.6563786008230452
A09.0,9,2866,1882,984,3,3,4,0.3333333333333333,0.3333333333333333,0.6566643405443127
A09.9,10,3250,2121,1129,3,4,7,0.3,0.4,0.6526153846153846
A15.0,13,3972,2702,1270,6,6,8,0.46153846153846156,0.46153846153846156,0.6802618328298087
A15.1,7,2007,1262,745,2,4,4,0.2857142857142857,0.5714285714285714,0.6287992027902342
A15.9,11,2966,2047,919,6,5,8,0.5454545454545454,0.45454545454545453,0.6901550910316925
A16.0,6,1927,1337,590,0,4,4,0.0,0.6666666666666666,0.6938245978204463
A16.1,17,5258,3543,1715,5,6,14,0.29411764705882354,0.35294117647058826,0.6738303537466718
A16.2,11,3207,2123,1084,3,6,7,0.2727272727272727,0.5454545454545454,0.6619893981914562
A16.3,11,2922,1983,939,3,8,10,0.2727272727272727,0.7272727272727273,0.6786447638603696
A16.4,12,3396,2380,1016,2,9,7,0.16666666666666666,0.75,0.7008244994110718
A16.5,8,2372,1713,659,2,5,5,0.25,0.625,0.7221753794266442
A16.7,10,2752,1866,886,3,5,8,0.3,0.5,0.6780523255813954
A16.8,13,3510,2382,1128,5,4,12,0.38461538461538464,0.3076923076923077,0.6786324786324787
A16.9,14,4129,2730,1399,5,9,7,0.35714285714285715,0.6428571428571429,0.6611770404456285
A17.0,9,2508,1608,900,2,5,8,0.2222222222222222,0.5555555555555556,0.6411483253588517
A17.1,13,4276,2774,1502,4,9,6,0.3076923076923077,0.6923076923076923,0.6487371375116932
A17.8,15,4951,3473,1478,5,8,9,0.3333333333333333,0.5333333333333333,0.7014744496061401
A17.9,8,2488,1803,685,3,3,6,0.375,0.375,0.7246784565916399
A18.0,15,4562,3107,1455,5,8,12,0.3333333333333333,0.5333333333333333,0.6810609381850066
A18.1,10,2738,1976,762,3,5,7,0.3,0.5,0.7216946676406136
A18.2,10,2706,1912,794,3,4,6,0.3,0.4,0.7065779748706578
A18.3,11,3633,2383,1250,1,5,7,0.09090909090909091,0.45454545454545453,0.6559317368565923
A18.4,11,3279,2129,1150,3,3,9,0.2727272727272727,0.2727272727272727,0.6492833180847819
A18.5,10,2615,1711,904,3,6,8,0.3,0.6,0.654302103250478
A18.6,10,2495,1721,774,5,4,8,0.5,0.4,0.6897795591182365
A18.7,16,4468,2991,1477,6,10,10,0.375,0.625,0.6694270367054611
A18.8,11,2828,1966,862,6,8,7,0.5454545454545454,0.7272727272727273,0.6951909476661952
A18.9,7,1967,1330,637,2,2,5,0.2857142857142857,0.2857142857142857,0.6761565836298933
A19.0,10,2724,1839,885,5,5,5,0.5,0.5,0.6751101321585903
A19.1,14,4181,2748,1433,3,9,8,0.21428571428571427,0.6428571428571429,0.6572590289404449
A19.8,7,2057,1407,650,3,5,5,0.42857142857142855,0.7142857142857143,0.684005833738454
A19.9,15,4623,3361,1262,3,9,13,0.2,0.6,0.72701708847069
