procedure_code,claims,billed,paid,gross_unpaid,denied,follow_up,open_ar,denial_rate,follow_up_rate,payment_rate
99213,101,29563,19561,10002,32,58,64,0.31683168316831684,0.5742574257425742,0.6616716841998443
99214,102,30974,20693,10281,30,62,68,0.29411764705882354,0.6078431372549019,0.6680764512171499
99215,109,31861,21867,9994,36,60,77,0.3302752293577982,0.5504587155963303,0.6863249741062741
99221,113,33049,22571,10478,33,61,75,0.2920353982300885,0.5398230088495575,0.682955611364943
99222,89,26692,17685,9007,28,48,60,0.3146067415730337,0.5393258426966292,0.6625580698336581
99223,94,27172,18293,8879,34,46,70,0.3617021276595745,0.48936170212765956,0.6732297953775945
99231,114,34838,23711,11127,35,50,83,0.30701754385964913,0.43859649122807015,0.6806073827429818
99232,83,25342,17063,8279,30,43,54,0.3614457831325301,0.5180722891566265,0.6733091310867335
99233,100,29467,20538,8929,36,44,69,0.36,0.44,0.6969830658024231
99238,95,28233,18772,9461,34,50,63,0.35789473684210527,0.5263157894736842,0.6648956894414337
